{
    "kpiData":[        
        {
            "id": 1,
            "tasklist": "Tasklist 1",
            "kpi": "Sales",
            "karyawan": "Budi",
            "deadline": "2022-01-10",
            "aktual": "2022-01-09"
        },
        {
            "id": 2,
            "tasklist": "Tasklist 2",
            "kpi": "Sales",
            "karyawan": "Budi",
            "deadline": "2022-01-10",
            "aktual": "2022-01-08"
        },
        {
            "id": 3,
            "tasklist": "Tasklist 3",
            "kpi": "Report",
            "karyawan": "Budi",
            "deadline": "2022-01-10",
            "aktual": "2022-01-07"
        },
        {
            "id": 4,
            "tasklist": "Tasklist 4",
            "kpi": "Report",
            "karyawan": "Budi",
            "deadline": "2022-01-10",
            "aktual": "2022-01-12"
        },
        {
            "id": 5,
            "tasklist": "Tasklist 5",
            "kpi": "Sales",
            "karyawan": "Adi",
            "deadline": "2022-01-10",
            "aktual": "2022-01-09"
        },
        {
            "id": 6,
            "tasklist": "Tasklist 6",
            "kpi": "Sales",
            "karyawan": "Adi",
            "deadline": "2022-01-10",
            "aktual": "2022-01-12"
        },
        {
            "id": 7,
            "tasklist": "Tasklist 7",
            "kpi": "Report",
            "karyawan": "Adi",
            "deadline": "2022-01-10",
            "aktual": "2022-01-07"
        },
        {
            "id": 8,
            "tasklist": "Tasklist 8",
            "kpi": "Report",
            "karyawan": "Adi",
            "deadline": "2022-01-10",
            "aktual": "2022-01-07"
        },
        {
            "id": 9,
            "tasklist": "Tasklist 9",
            "kpi": "Sales",
            "karyawan": "Rara",
            "deadline": "2022-01-10",
            "aktual": "2022-01-12"
        },
        {
            "id": 10,
            "tasklist": "Tasklist 10",
            "kpi": "Sales",
            "karyawan": "Rara",
            "deadline": "2022-01-10",
            "aktual": "2022-01-09"
        },
        {
            "id": 11,
            "tasklist": "Tasklist 11",
            "kpi": "Report",
            "karyawan": "Rara",
            "deadline": "2022-01-10",
            "aktual": "2022-01-12"
        },
        {
            "id": 12,
            "tasklist": "Tasklist 12",
            "kpi": "Sales",
            "karyawan": "Doni",
            "deadline": "2022-01-10",
            "aktual": "2022-01-09"
        },
        {
            "id": 13,
            "tasklist": "Tasklist 13",
            "kpi": "Report",
            "karyawan": "Doni",
            "deadline": "2022-01-10",
            "aktual": "2022-01-12"
        }
    ]
}